id,ap,direct_P_per_copy,direct_P_per_AP,periodic_P_if_all_ticks
n01,1,0.55,0.55,0
n02,1,0,0.0,0
n03,1,0,0.0,0
n04,1,0.25,0.25,0
n05,1,0.45,0.45,0
n06,1,0.2,0.2,0
n07,1,0.2,0.2,0
n08,1,0,0.0,0
a01,1,0.35,0.35,0
a02,2,0.95,0.475,0
a03,2,0.7,0.35,0.3
a04,2,1.05,0.525,0
g01,2,0,0.0,0
g02,2,1,0.5,0
g03,2,0.8,0.4,0
g04,1,0.2,0.2,0
r01,2,0.8,0.4,0
r02,2,0.7,0.35,0
r03,2,0.6,0.3,0
r04,3,0.6,0.19999999999999998,0
t01,2,0.65,0.325,0
t02,2,0.55,0.275,0.36
t03,1,0.25,0.25,0
t04,3,0.45,0.15,0
a05,2,0,0.0,0
a06,3,1.3,0.43333333333333335,0
a07,2,0.9,0.45,0
g05,2,0,0.0,0
g06,2,0.65,0.325,0
g07,3,1.2,0.39999999999999997,0
r05,2,0,0.0,0
r06,3,0.7,0.2333333333333333,0
r07,2,0.55,0.275,0
t05,2,0,0.0,0
t06,2,0,0.0,0
t07,2,0.75,0.375,0
a08,2,0.7,0.35,0
a09,3,0,0.0,0
g08,3,0,0.0,0
g09,2,0.7,0.35,0
r08,2,0,0.0,0
r09,3,1.75,0.5833333333333334,0
t08,3,0.8,0.26666666666666666,0
t09,3,0.9,0.3,0
l01,3,1.1,0.3666666666666667,0
l02,2,0,0.0,0
d01,3,0,0.0,0
i01,4,0,0.0,0
